item name,Energy(kcal),Fat(g),Saturated_fat(g),Carbohydrate(g),of_which_sugars(g),Fibre(g),Protein(g),Salt(g)
Actimel 0% Fat Strawberry Yogurt Drinks 8 x 100g,216.0,0.8,0.0,25.6,24.0,1.6,20.8,0.88
Actimel Multifruit Yogurt Drinks 8 x 100g,632.0,12.0,8.0,104.0,104.0,0.0,22.4,0.8
Actimel Strawberry Yogurt Drink 8 x 100g,608.0,12.0,8.0,96.0,96.0,0.0,22.4,0.8
Activia Rhubarb 4 x 120g,432.0,13.6,9.6,58.4,58.4,0.0,18.4,0.72
Activia Strawberry 4 x 120g,428.0,13.6,9.6,56.8,56.8,0.0,18.8,0.68
Ainsley Harriot Chilli Cous Cous 100g,270.0,2.4,0.4,50.6,4.6,4.0,9.8,1.33
Ainsley Harriot Morrocan Cous Cous 100g,274.0,3.0,0.2,50.2,6.0,3.8,9.6,1.38
Ainsley Harriot Roast Vegetable Cous Cous 100g,272.0,2.4,0.4,51.0,4.4,3.8,9.6,1.2
Ainsley Harriot Spice Sensations Cous Cous 100g,274.0,3.2,0.4,49.0,4.6,4.0,10.0,1.5
Ainsley Harriot Thai Cous Cous 100g,274.0,2.8,0.4,50.8,4.2,3.8,9.6,1.54
Ainsley Harriot Tomato Cous Cous 100g,134.0,1.1,0.1,25.2,2.8,1.9,4.7,0.71
Ainsley Harriot Wild Mushroom Cous Cous 100g,268.0,2.2,0.2,50.8,2.8,3.6,9.6,1.56
Ainsley Harriott Caribbean Cous Cous 100g,370.0,6.4,1.2,64.0,7.0,4.6,12.6,1.4
Albert Bartlett Rooster Potatoes  2kg,1500.0,2.0,0.0,320.0,16.0,32.0,36.0,0.0
Allinson's Strong White Bread Flour 1.5kg,5220.0,25.5,4.5,1050.0,7.5,49.5,180.0,0.45
Alpro Fresh Almond Unsweetened Milk Alternative 1L,130.0,11.0,1.0,0.0,0.0,4.0,4.0,1.3
Alpro Long Life Almond Unsweetened Milk Alternative  1L,130.0,11.0,1.0,0.0,0.0,3.0,4.0,1.4
Ambrosia Devon Custard 400g,375.0,11.4,6.0,57.6,41.4,0.0,10.8,0.42
Ambrosia Devon Custard 6 x Servings 750g,727.5,21.75,11.25,112.5,81.75,0.0,21.0,0.82
Ambrosia Devon Rice Pudding 400g,384.0,8.8,5.2,63.2,35.6,0.0,12.8,0.5
Ambrosia Light Devon Custard 400g,303.0,7.8,3.9,47.1,28.8,0.0,11.4,0.48
Amoy Straight to Wok Medium Noodles 2 x 150g,454.0,4.2,0.8,82.0,1.8,5.4,19.2,1.2
Amoy Straight to Wok Thread Fine Noodles 2 x 150g,386.0,4.6,0.8,67.4,0.6,4.6,16.6,0.6
Arla Best of Both Milk 2L,830.0,8.0,2.0,98.0,98.0,0.0,91.0,2.3
Arla skyr Fat Free Natural Yogurt 450g,285.0,0.0,0.6,18.0,18.0,0.0,47.7,0.63
Bahlsen Choco Leibniz Dark Chocolate Biscuits 125g,622.5,31.25,20.0,72.5,41.25,0.0,9.0,0.66
Bahlsen Choco Leibniz Milk Chocolate Biscuits 125g,631.25,31.25,20.0,76.25,51.25,0.0,9.38,0.8
Batchelors Big Pasta N Sauce Cheese & Broccoli  85g,320.0,4.3,2.4,58.5,6.7,1.6,11.1,2.17
Batchelors Big Pasta N Sauce Chicken & Mushroom  85g,309.0,1.6,0.4,64.8,6.7,1.2,8.3,1.9
Batchelors Big Super Noodles Chicken 100g,471.0,19.9,10.1,62.7,5.0,3.1,8.7,2.22
Batchelors Bigga Marrowfat Peas (300g) 180g,152.0,1.0,0.2,21.2,3.0,9.0,10.0,0.82
Batchelors Chip Shop Mushy Peas 300g,261.0,1.2,0.6,39.3,4.2,11.7,17.7,1.35
Batchelors Original Style Mushy Peas 300g,261.0,1.2,0.6,39.3,4.2,11.7,17.7,1.35
Batchelors Pasta 'N' Sauce Cheese & Broccoli 99g,114.84,1.68,0.79,20.2,2.38,0.69,4.36,0.57
"Batchelors Pasta 'N' Sauce Cheese, Leek & Ham Flavour 99g",428.0,7.0,3.6,73.6,11.0,2.2,16.4,2.34
Batchelors Pasta 'N' Sauce Chicken & Mushroom Flavour 99g,416.0,3.6,1.4,79.4,9.6,2.2,15.0,1.72
Batchelors Pasta 'N' Sauce Chicken & Mushroom Pot 65g,239.0,1.1,0.3,50.7,5.1,1.0,6.1,1.45
Batchelors Pasta 'N' Sauce Mac 'N' Cheese 99g,428.0,7.0,3.6,72.6,10.6,2.2,17.8,1.94
Batchelors Pasta 'N' Sauce Mac 'N' Cheese Pot 65g,246.0,3.4,1.8,44.7,6.4,1.0,8.6,1.89
Batchelors Pasta'N'Sauce American Mac'N'Cheese Garlic Mushroom 99g,428.0,6.6,3.2,75.6,12.0,2.2,15.4,2.3
Batchelors Super Noodles BBQ Beef Pot 75g,354.0,15.2,7.6,46.5,3.8,2.2,6.7,1.49
Batchelors Super Noodles Bacon Flavour 90g,438.0,18.8,9.0,56.2,1.2,3.4,9.2,1.18
Batchelors Super Noodles Bbq Beef Flavour 90g,438.0,18.8,9.0,56.6,0.0,3.4,9.0,1.18
Batchelors Super Noodles Chicken Flavour 90g,438.0,18.8,9.0,56.6,1.4,3.4,8.8,1.4
Batchelors Super Noodles Chicken Pot 75g,353.0,14.9,7.5,47.0,3.8,2.3,6.5,1.67
Batchelors Super Rice & Sauce Mild Curry Flavour 60g,220.0,2.9,1.7,42.4,5.1,2.0,4.9,1.37
Bisto  Beef Gravy Granules 170g,674.9,27.71,19.04,101.66,20.74,3.57,2.89,24.36
Bisto Reduced Salt Gravy Granules 170g,673.2,24.65,17.34,106.42,42.84,5.44,3.57,17.51
Bleikers Yorkshire Peat Salmon 100g,166.0,6.6,1.6,0.0,0.3,0.0,26.6,3.8
Boursin Cheese with Garlic & Herbs 150g,592.5,58.5,39.0,4.5,3.0,0.0,12.0,1.8
Branston Baked Beans 4 x 410g,700.0,4.8,1.2,102.4,38.4,48.4,37.6,4.96
Bury Black Pudding Slices 230g,278.3,5.75,2.05,42.78,1.77,0.0,17.48,3.38
Butterkist Cinema Sweet Popcorn 100g 100g,526.0,25.9,2.0,65.2,32.8,5.8,5.2,0.01
Cadbury Crunchie Chocolate Bar 4 Pack 4 x 32g,488.0,18.0,10.4,76.0,68.0,1.2,3.2,0.76
Cadbury Dairy Milk Buttons Twin Pot  85g,221.0,11.8,7.2,25.0,22.3,1.0,4.1,0.14
Cadbury Dairy Milk Chocolate Bar 4 Pack 4 x 36g,768.0,44.0,26.4,80.0,80.0,2.8,10.4,0.36
Cadbury Dairy Milk Chunks 85g,221.0,11.8,6.9,25.6,22.1,0.7,3.5,0.22
Cadbury Dairy Milk Little Bars Chocolate Bar 6 Pack 6 x 18g,576.0,33.0,19.8,60.0,60.0,1.8,7.8,0.24
Cadbury Drinking Chocolate Hot Chocolate Tub 500g,2020.0,29.0,17.0,380.0,365.0,46.5,32.0,0.1
Cadbury Flake Twinpot 85G 85g,207.0,10.7,6.6,24.2,20.6,0.8,3.9,0.15
Cadbury Timeout Wafer Biscuits 7 Pack 7 x 21.2g,784.0,42.7,23.8,91.0,67.2,2.8,9.8,0.49
Cadbury Twin Pot Limited Edition  85g,234.0,11.6,6.6,29.2,24.3,0.8,3.6,0.15
Cadbury Twirl Chocolate Bar 4 Pack 4 x 34g,360.0,19.6,11.6,40.0,39.6,1.6,4.8,0.16
Cadbury Wispa Chocolate Bar 4 Pack 4 x 30.5g,668.0,42.0,25.6,64.0,64.0,1.2,8.8,0.28
Cathedral City 6 Slices Mature Cheese 150g,624.0,52.35,32.55,0.15,0.15,0.0,38.1,2.7
Cathedral City Extra Mature Cheese 350g,1456.0,122.15,75.95,0.35,0.35,0.0,88.9,6.3
Cathedral City Grated Lighter Cheese 180g,603.0,43.2,29.52,2.88,0.18,0.0,50.76,3.24
Cathedral City Grated Mature Cheese 180g,745.2,61.56,38.52,2.88,0.18,0.0,44.82,3.24
Cathedral City Kids Snack Nibbles Mild Lighter Cheese 6 x 16g,318.0,22.8,15.6,0.0,0.0,0.0,27.6,1.8
Cathedral City Lighter Mature Cheese 350g,1158.5,84.0,57.4,0.35,0.35,0.0,100.1,6.3
Cathedral City Mature Cheese 350g,1456.0,122.15,75.95,0.35,0.35,0.0,88.9,6.3
Cathedral City Mild Cheese 350g,1456.0,122.15,75.95,0.35,0.35,0.0,88.9,6.3
Cauldron Vegan Organic Tofu 396g,468.0,28.0,4.8,4.0,2.8,7.6,48.0,0.08
Clover Lighter Spread 500g,2280.0,246.0,88.0,10.0,10.0,0.0,6.5,7.0
Clover Spread 500g,2935.0,322.5,103.17,5.0,5.0,0.0,3.5,7.5
Colman's Cheddar Cheese Sauce Mix 40g,316.0,10.8,6.8,36.0,19.2,0.0,18.4,3.32
Corticella Fusilli 500G 500g,1780.0,9.5,4.0,359.0,17.5,15.0,57.5,0.04
Dairylea Dunkers Jumbo Tubes with Cheese  180g,430.2,18.0,10.8,45.0,12.6,3.24,17.28,2.48
Dairylea Snackers Lunchables Ham & Cheese 83.4g,242.69,10.84,6.17,21.68,2.0,1.17,13.34,1.13
Denhay Unsmoked Back Bacon 200g,438.0,30.8,11.2,4.6,1.4,2.0,34.8,5.14
Dolmio Bolognese Smooth Tomato Pasta Sauce 500g,250.0,3.5,0.5,41.0,30.5,8.0,8.0,3.5
Dolmio Lasagne Creamy White Sauce 470g,460.6,35.72,13.63,31.96,15.98,0.0,2.35,3.62
Don Gaetano Penne 500G 500g,1725.0,7.0,1.5,360.0,12.0,13.0,56.0,0.0
Doritos Chilli Heatwave Tortilla Chips 180g,894.6,44.82,5.4,106.74,10.98,10.08,10.98,2.43
Doritos Chilli Heatwave Tortilla Chips 6x30g 180g,894.6,44.82,5.4,106.74,10.98,10.08,10.98,2.43
Doritos Cool Original Tortilla Chips 180g,896.4,45.9,6.3,104.58,4.86,10.08,10.62,2.66
Doritos Mild Salsa Dip 300g,99.0,0.0,0.0,19.8,12.3,3.0,3.6,4.14
Doritos Tangy Cheese Tortilla Chips 180g,901.8,46.62,6.12,103.5,4.86,10.08,11.7,2.14
Doritos Tangy Cheese Tortilla Chips 6 x 30g,901.8,46.62,6.12,103.5,4.86,10.08,11.7,2.14
Fage Total 0% Fat Authentic Greek Yoghurt 500g,270.0,0.0,0.0,15.0,15.0,0.0,51.5,0.5
Fridge Raiders Slow Roasted Chicken Bites 6 x 22.5g,258.0,12.0,3.6,4.2,1.2,0.0,30.0,2.4
Frubes 9 X Strawberry Flavour 9 x 37g,612.0,18.0,11.7,79.2,72.0,0.0,25.2,0.99
"Frubes Strawberry, Peach & Red Berry 9 x 37g",612.0,18.0,11.7,80.1,72.0,0.0,25.2,0.99
Full Green Cauli Rice Original 200g,40.0,0.4,0.0,8.0,2.0,5.0,3.0,0.02
Fullgreen Vegi Rice Sweet Potato 200g,100.0,1.0,0.0,19.0,8.0,6.0,3.0,0.06
Galaxy Smooth Milk Chocolate Bars Multipack 4 x 42g 4 x 42g,917.28,54.43,32.93,94.08,93.07,0.0,11.26,0.42
Galbani Mozzarella 125g,297.5,22.5,16.25,2.5,1.25,0.0,21.25,0.88
Galbani Mozzarella Minis 20'S 150g,349.5,25.5,18.0,1.5,0.75,0.0,28.5,1.12
Good 4 U Lentil & Sprout Mix 180g,230.4,0.36,0.0,35.64,1.98,16.02,21.06,0.07
Good 4 U Super Sprouts 60g,21.0,0.72,0.48,0.78,0.36,1.5,2.82,0.02
Gosh Moroccan Spiced Veg Bites  56g,133.28,6.16,0.45,14.0,4.7,3.64,3.53,0.67
Gressingham Duck Fat 250g,2227.5,245.0,65.0,6.5,0.0,0.0,1.5,0.0
HP Brown Sauce       600g,732.0,0.6,0.0,169.8,138.6,0.0,5.4,7.8
Heck Chicken Italia Sausage 340g,380.0,11.5,3.0,4.5,2.0,0.0,65.0,5.5
Heck Simply Chicken Chipolatas 10Pk 340g,385.0,11.5,3.5,5.0,1.0,0.0,65.0,4.8
Heinz Baked Beanz  200g,156.0,0.4,0.0,25.0,9.4,7.4,9.4,1.2
Heinz Baked Beanz with Pork Sausages 415g,400.0,13.2,4.6,49.4,17.2,11.8,21.0,3.0
Heinz Beanz Family Pack 6 x 415g,972.0,2.4,0.0,155.4,58.8,46.2,58.2,7.2
Heinz Beanz No Added Sugar 200g,130.0,0.4,0.0,19.0,3.8,7.2,9.2,0.8
Heinz Beanz and Pork Sausages 200g,200.0,6.6,2.4,24.4,8.2,6.0,10.6,1.4
Heinz Beef Broth Soup 400g,176.0,2.2,0.8,30.4,5.4,3.2,7.6,2.4
Heinz Big Soup Beef & Vegetable 400g,212.0,3.6,1.4,29.8,7.8,3.8,13.0,2.2
Heinz Chicken Noodle Soup 400g,128.0,1.2,0.2,24.2,4.6,0.6,5.4,2.4
Heinz Classic Tomato Soup 4 Pack 4 x 400g,408.0,17.2,1.6,54.4,38.8,5.2,6.8,4.4
Heinz Cream of Chicken Soup 400g,212.0,11.8,1.8,19.8,4.6,0.2,6.4,2.2
Heinz Cream of Mushroom Soup 400g,214.0,11.4,1.6,21.4,9.0,0.4,6.6,2.4
Heinz Cream of Tomato & Basil Soup 400g,232.0,12.0,0.8,26.4,19.0,1.6,3.6,2.2
Heinz Cream of Tomato Soup 400g,204.0,8.6,0.8,27.2,19.4,2.6,3.4,2.2
Heinz Minestrone Soup 400g,126.0,0.6,0.0,24.8,7.2,3.4,4.2,2.4
Heinz Oxtail Soup 400g,178.0,2.4,1.0,29.6,9.6,1.2,8.8,2.2
Heinz Potato & Leek Soup 400g,196.0,7.4,4.4,28.6,3.2,2.2,3.2,2.4
Heinz Salad Cream Original 605g,1833.15,143.38,10.89,122.82,104.06,0.0,7.86,9.07
Heinz Snap Pots Baked Beanz 4 x 200g,632.0,1.6,0.0,102.4,36.4,29.6,37.6,4.8
Heinz Spaghetti Hoops in Tomato Sauce 205g,106.6,0.41,0.0,21.32,7.99,1.23,3.28,0.82
Heinz Spaghetti Plus Sausages 200g,184.0,4.8,2.4,24.6,7.8,1.2,6.4,1.4
Heinz Spaghetti in Tomato Sauce 200g,124.0,0.4,0.0,25.8,7.0,1.6,3.4,0.6
Heinz Tomato Ketchup 50% Less Sugar and Salt 550g,352.0,0.55,0.0,66.0,60.5,0.0,7.7,4.95
Heinz Vegetable Soup 400g,188.0,3.4,0.2,33.2,13.0,3.6,4.4,2.4
Innocent Smooth Orange Juice 1.35L,495.0,0.0,0.0,108.0,108.0,0.0,9.9,0.0
"Innocent Smoothies Just For Kids Orange, Mango & Pineapple  4 x 150ml",332.0,0.0,0.0,76.0,68.0,4.8,4.0,0.0
"Innocent Smoothies Kids Strawberry, Blackberry & Raspberry  4 x 150ml",316.0,0.0,0.0,72.0,60.0,3.2,3.2,0.0
International Seafoods Cold Smoked Salmon 120g,230.0,13.6,2.2,0.6,0.2,0.4,26.2,3.4
Itsu Chicken Chilli Rice Noodles 64g,44.8,0.45,0.13,8.96,0.64,0.32,1.09,0.5
Itsu Satay Rice Noodles 64g,46.72,0.7,0.13,8.96,0.64,0.45,1.09,0.49
Jacob's Baked Crinklys 6 Cheese & Onion Flavour 6 x 25g,732.0,32.4,9.6,95.4,12.0,4.2,12.6,2.4
Jacobs Biscuits For Cheese 300g,1431.0,60.6,28.2,189.0,18.3,11.1,27.0,4.2
Jacobs Cheddars 150g,787.5,47.7,23.55,70.5,7.95,4.35,16.2,2.4
Jacobs Tuc Snack Crackers 150g,784.5,45.3,20.85,81.9,9.9,4.05,10.5,3.6
Jammie Dodgers 140g,609.0,19.74,9.52,98.28,41.58,2.94,7.56,0.85
KP Dry Roasted Peanuts 250g 250g,1485.0,117.5,19.5,18.0,12.75,21.5,75.0,5.0
KP Original Salted Peanuts 250g 250g,1535.0,127.5,20.25,14.0,12.75,21.25,75.0,3.25
KTC Toor Dal Dry 1kg,3180.0,13.0,2.0,560.0,24.0,49.0,240.0,0.9
Kellogg's Corn Flakes 720g,2721.6,6.48,1.44,604.8,57.6,21.6,50.4,8.14
Kellogg's Crunchy Nut  500g,1990.0,22.5,3.5,410.0,175.0,12.5,30.0,3.75
Kellogg's Crunchy Nut 840g,3343.2,37.8,5.88,688.8,294.0,21.0,50.4,6.3
Kettle Chips Lightly Salted Crisps 150g,769.5,45.15,5.25,77.25,0.75,9.75,8.7,1.35
Kettle Chips Mature Cheddar & Red Onion Crisps 150g,769.5,43.5,4.95,78.0,1.95,8.1,11.85,1.8
Kettle Chips Sea Salt & Balsamic Vinegar of Modena Crisps 150g,769.5,43.35,3.6,85.2,1.95,6.3,6.45,2.4
King Pot Noodle Beef & Tomato 114g,551.0,21.0,10.0,73.0,5.8,4.6,13.0,2.2
King Pot Noodle Bombay Bad Boy 114g,551.0,21.0,10.0,77.0,3.5,5.0,12.0,1.5
King Pot Noodle Original Curry 114g,161.88,6.16,2.96,22.8,2.05,1.37,3.19,0.55
Lake District 8 Mature Cheddar Slices 160g,665.6,55.84,34.72,0.16,0.16,0.0,40.64,2.9
M Carvery Roast Beef 4 Slices  100g,137.0,4.4,1.5,0.2,0.2,0.9,23.7,1.16
Maggi 3 Minute Chicken Noodles 5 x 59g,1355.0,52.5,4.0,186.5,6.5,9.0,29.0,6.2
Mash Direct Carrot & Parsnip 400g,212.0,2.4,1.6,34.4,17.6,19.2,4.0,1.2
Mash Direct Colcannon 400g,332.0,10.8,7.2,46.8,2.0,7.2,8.4,2.0
Mash Direct Green Cabbage 280g,176.0,11.2,7.2,8.4,4.8,9.2,6.0,1.2
Mash Direct Potoatoe & Cheese & Onion  Croquette 300g,642.0,30.0,6.6,78.3,1.5,6.9,11.1,2.1
Mattessons Lightly Smoked Turkey Rashers 200g,272.0,0.0,0.8,0.0,0.0,0.0,60.0,4.4
Mattessons Original Turkey Rashers 200g,304.0,0.0,1.6,0.0,0.0,0.0,66.4,4.64
McVitie's Digestives Milk Chocolate 433g,2147.68,102.19,53.69,270.62,123.4,12.99,29.01,4.07
McVitie's Ginger Nuts 250g,1152.5,41.25,19.5,178.25,72.25,5.75,14.5,2.35
McVitie's Orange Club 8 Pack 8 x 22.5g,928.0,48.0,30.4,110.4,71.2,4.0,10.4,1.36
Mega Monster Munch Pickled Onion Snacks 6 x 22g,649.44,33.0,2.77,79.2,3.96,2.24,7.92,2.05
Merchant Gourmet Aromatic Persian-Style Quinoa & Lentils  250g,440.0,7.0,2.0,71.5,11.5,12.25,16.75,1.38
Merchant Gourmet Grains Rice & Quinoa  250g,467.5,8.0,1.25,78.75,1.5,10.5,15.0,0.08
Merchant Gourmet Pesto-Ey Italian - Infused Grains 250g,452.5,12.75,2.0,64.5,1.5,8.5,15.25,2.25
Merchant Gourmet Puy Lentils 250g,357.5,4.25,0.75,45.25,1.75,16.5,26.5,0.08
Merchant Gourmet Spanish Quinoa 250g,410.0,7.0,1.25,64.25,6.5,21.0,12.25,3.12
Merchant Gourmet Spicy Mexican-Style Grains & Pulses 250g,410.0,6.5,1.25,74.75,8.75,7.25,9.25,3.15
Milkybar White Chocolate Mousse 4 x 55g,340.0,14.4,9.6,41.6,38.4,0.0,10.8,0.0
Mini Babybel Original  6 x 20g,372.0,28.8,19.2,0.0,0.0,0.0,27.6,2.16
Morrison Lemon & Coriander Couscous 110G 110g,424.0,2.8,0.8,82.2,1.8,2.6,16.2,1.18
Morrison Spicy Vegetable Couscous 110G 110g,404.0,3.0,0.8,75.0,3.0,5.4,16.4,1.24
Morrisons  Berry Medley  220g,127.6,0.44,0.0,28.38,28.38,1.98,1.54,0.0
Morrisons  White Potatoes 2.5kg,2050.0,5.0,0.0,430.0,15.0,32.5,52.5,0.0
Morrisons 10 BBQ Chicken Skewers   100g,209.0,9.2,1.9,10.7,5.7,1.7,20.0,1.22
Morrisons 2 Breaded Chicken Fillets  340g,712.0,25.0,4.0,56.4,4.0,0.0,65.6,1.44
Morrisons 2 Cheese & Ham Breaded Chicken Kievs 260g,564.0,31.8,7.8,30.6,3.0,4.6,36.4,1.48
Morrisons 2 Garlic Breaded Chicken Kievs 260g,752.0,54.6,21.6,31.6,1.6,1.0,33.2,1.06
Morrisons 30 Chicken Cocktail Sausages  246g,523.98,30.26,7.38,28.04,2.21,2.71,33.21,3.89
Morrisons 30% Lighter Mature Cheddar 400g,1300.0,86.8,55.2,13.6,0.4,0.0,115.6,7.12
Morrisons 6 Crumpets 6 per pack,642.0,2.4,0.6,130.2,7.2,8.4,21.0,3.78
Morrisons 6 Fresh Bake Cheese & Onion Rolls 444g,1478.52,88.36,45.29,126.1,8.88,15.1,37.3,3.15
Morrisons 6 Fresh Bake Pork Sausage Rolls 444g,1509.6,89.69,37.3,130.09,6.66,9.77,41.29,4.66
Morrisons 6 Stonebaked White Pitta 6 per pack,930.0,8.4,2.4,178.8,12.0,9.0,30.6,3.0
Morrisons Almonds 200g,1258.0,111.6,8.8,13.8,8.4,14.8,42.2,0.0
Morrisons Apple Grape & Cheese 150g,163.5,7.5,4.5,17.4,17.4,1.65,5.85,0.93
"Morrisons Apple, Banana, Grape & Strawberry  220g",140.8,0.66,0.0,31.02,29.92,1.98,1.76,0.0
Morrisons Baby Corn  125g,28.75,2.88,0.25,24.5,2.88,2.75,5.25,0.12
Morrisons Baby Pearl Potatoes  500g,380.0,1.5,0.5,80.5,6.5,5.0,8.5,0.0
Morrisons Baby Potatoes  1kg,760.0,3.0,1.0,161.0,13.0,10.0,17.0,0.0
Morrisons Baby Spinach  160g,28.0,0.8,0.0,0.4,0.0,1.6,4.0,0.0
Morrisons Baby Spinach  300g,90.0,0.9,0.3,10.8,1.8,5.1,6.9,0.0
Morrisons Bagged Spinach  600g,114.0,3.6,0.6,1.2,0.0,6.0,15.6,0.48
Morrisons Baking Potatoes  4 per pack,143.0,0.4,0.0,30.1,1.1,2.3,3.7,0.0
Morrisons Baking Potatoes 2.5kg,2050.0,5.0,0.0,430.0,15.0,32.5,52.5,0.0
Morrisons Basmati Rice 1kg,1170.0,3.0,1.0,251.0,0.0,13.0,27.0,0.0
Morrisons Basmati Rice 500g,1826.67,4.67,1.33,393.33,0.0,20.67,42.0,0.0
Morrisons Beansprouts  360g,126.0,1.8,0.4,13.4,7.6,7.2,10.4,0.1
Morrisons Best Hampshire Pork Steak With Chorizo & Red Pepper Butter Typically: 400g,0.0,0.0,0.0,0.0,0.0,0.0,0.0,0.0
Morrisons Blackbean Stir Fry Sauce  180g,160.0,8.2,0.8,17.2,10.4,1.0,3.6,2.34
Morrisons Bolognese Sauce 500g,180.0,3.6,0.4,28.0,28.0,6.0,6.0,3.12
Morrisons Braeburn Apples 6 per pack,258.0,0.0,0.0,56.4,56.4,8.4,1.8,0.0
Morrisons Bran Flakes 1kg,3600.0,27.0,5.0,640.0,120.0,160.0,120.0,3.5
Morrisons Breaded Chicken Bites  255g,654.0,35.4,5.7,51.6,4.5,2.7,30.9,1.56
Morrisons Breaded Chicken Goujons 270g,675.0,37.2,6.0,39.6,3.6,3.0,43.5,1.38
Morrisons Brioche Pain Au  Chocolat 6 per pack,1122.0,59.4,32.4,124.8,34.2,7.2,18.6,2.22
Morrisons British Beef Lean Mince 5% Fat 500g,605.0,21.5,9.0,0.0,0.0,2.5,102.0,2.5
Morrisons British Beef Lean Mince 5% Fat 750g,907.5,32.25,13.5,0.0,0.0,3.75,153.0,3.75
Morrisons British Beef Medallions 340g,455.6,14.62,5.44,0.0,0.0,0.0,80.92,0.54
Morrisons British Chicken Breast Fillets 2kg,1965.0,34.5,9.0,0.0,0.0,0.0,414.0,1.95
Morrisons British Chicken Thighs 1kg,1470.0,81.75,21.75,0.0,0.0,0.0,183.0,1.88
Morrisons British Lean Diced Casserole Steak 300g,366.0,10.5,4.2,0.0,0.0,0.0,67.8,0.51
Morrisons British Pork Loin Steaks 500g,1125.0,80.5,29.5,0.0,0.0,0.0,99.5,0.7
Morrisons British Pork Strips 500g,615.0,20.0,7.0,0.0,0.0,0.0,109.0,0.8
Morrisons Broccoli & Cauliflower Florets  375g,152.0,3.8,0.8,9.8,8.2,11.2,14.2,0.0
Morrisons Broccoli 350g,133.0,3.15,0.7,6.3,5.25,9.1,15.4,0.0
Morrisons Broccoli Florets  250g,106.0,2.8,0.6,6.2,5.0,8.8,9.8,0.0
Morrisons Brussels Sprouts 500g,255.0,7.0,1.5,20.5,15.5,20.5,17.5,0.0
Morrisons Button Mushrooms 200g,32.0,1.0,0.2,0.8,0.4,2.2,3.6,0.0
Morrisons Carrot Batons  325g,120.0,1.6,0.4,18.4,17.2,10.4,2.4,0.0
"Morrisons Carrot, Broccoli & Cauliflower 250g",98.0,2.0,0.6,10.2,9.2,7.8,5.8,0.0
Morrisons Carrots  1kg,420.0,3.0,1.0,79.0,74.0,24.0,6.0,0.0
Morrisons Carrots & Peas  400g,202.0,2.4,0.4,27.2,17.2,15.6,10.0,0.12
Morrisons Carrots Broccoli & Brussels Sprouts 350g,136.0,3.2,0.8,13.6,12.0,7.2,9.6,0.0
Morrisons Carvery Breaded Ham  150g,172.5,3.15,1.05,2.85,1.5,0.75,32.55,3.12
Morrisons Carvery Ham On The Bone 150g,171.0,3.3,1.05,0.75,0.75,0.75,34.2,3.08
Morrisons Carvery Honey Roast Ham  150g,177.0,3.6,1.2,3.0,2.1,0.75,32.55,3.33
Morrisons Carvery Pastrami  100g,137.0,3.7,1.4,1.7,1.0,0.0,24.1,1.43
Morrisons Carvery Peppered Ham  150g,166.5,3.45,1.2,1.95,1.5,0.75,31.35,3.24
Morrisons Carvery Pork Loin  125g,142.5,1.88,0.88,1.0,1.0,0.75,29.88,2.69
Morrisons Carvery Roast Chicken  150g,159.0,2.55,0.9,0.3,0.15,0.75,33.45,2.78
Morrisons Carvery Thinly Sliced Honey Roast Ham  125g,143.75,2.75,0.88,1.75,1.75,1.0,27.62,2.72
Morrisons Carvery Turkey  150g,165.0,1.5,0.15,1.5,0.15,0.0,36.45,1.82
Morrisons Casserole & Dumplings 450g,508.5,18.9,9.0,53.1,6.75,4.5,28.8,2.66
Morrisons Chantenay Carrots 500g,180.0,2.5,0.5,30.0,28.0,12.0,3.5,0.25
Morrisons Cheesy Mash 500g,680.0,35.2,24.4,64.0,1.2,5.6,24.8,1.16
Morrisons Chestnut Mushrooms  250g,40.0,1.25,0.25,1.0,0.5,2.75,4.5,0.0
Morrisons Chicken Breast Fillet  630g,0.0,0.0,0.0,0.0,0.0,0.0,0.0,0.0
Morrisons Chicken Breast Fillets 1kg,982.5,17.25,4.5,0.0,0.0,0.0,207.0,0.98
Morrisons Chicken Breast Fillets 485g,635.35,11.15,2.91,0.0,0.0,0.0,133.86,0.63
Morrisons Chicken Mini Fillets 300g,0.0,0.0,0.0,0.0,0.0,0.0,0.0,0.0
Morrisons Chicken Mini Fillets 600g,0.0,0.0,0.0,0.0,0.0,0.0,0.0,0.0
Morrisons Chicken Thigh Fillets Boneless  600g,1176.0,65.4,17.4,0.0,0.0,0.0,146.4,1.5
Morrisons Chicken Thigh Fillets Boneless 1kg,1470.0,81.75,21.75,0.0,0.0,0.0,183.0,1.88
Morrisons Chinese Leaf  ,75.0,1.0,0.0,8.5,4.5,4.0,6.0,0.5
Morrisons Chinese Stir Fry  320g,100.0,1.2,0.4,13.4,10.6,6.8,5.4,0.0
Morrisons Chip Shop Mushy Peas  220g,178.2,0.88,0.22,29.7,2.64,4.18,11.0,0.7
Morrisons Chip Shop Mushy Peas With Mint 400g,324.0,1.4,0.6,54.0,5.0,7.8,20.0,1.28
Morrisons Choc Chip Cookie 230g,1127.0,54.51,27.83,142.83,63.25,6.21,13.11,1.15
Morrisons Choco Crackles 375G 375g,1428.75,10.5,5.25,305.62,102.75,9.0,24.38,2.81
Morrisons Choco Hoops 375g,1391.25,7.5,2.62,281.25,75.0,29.62,34.5,1.05
Morrisons Choco Nut Pillows  375g,1620.0,52.12,11.25,248.25,68.62,18.75,29.62,0.49
Morrisons Chow Mein Stir Fry Sauce  180ml,134.0,1.8,0.4,27.8,21.6,1.0,1.0,2.22
Morrisons Classic Tex Mex Dip Mix 400g,859.0,81.0,11.2,21.8,12.8,9.6,7.0,2.71
Morrisons Closed Cup Mushrooms  300g,48.0,1.5,0.3,1.2,0.6,3.3,5.4,0.0
Morrisons Colcannon Mash 400g,322.0,6.8,4.4,55.6,2.4,8.8,5.2,1.56
Morrisons Cold Water Prawns 180g,115.2,0.36,0.18,1.8,0.18,0.0,26.1,2.86
Morrisons Conchigliette 250g,932.4,5.0,1.33,187.15,7.33,10.66,29.3,0.0
Morrisons Cooked & Peeled King Prawns  150g,102.0,0.3,0.15,1.5,1.05,0.0,23.25,2.56
Morrisons Cottage Pie 450g,445.5,18.45,9.0,39.6,4.5,5.4,27.9,2.7
Morrisons Courgettes  3 per pack,100.0,1.88,0.0,8.75,8.75,4.38,8.75,0.0
Morrisons Cox Apples 6 per pack,258.0,0.0,0.0,56.4,56.4,8.4,1.8,0.0
Morrisons Cranberries  80g,268.0,1.04,0.08,62.32,53.44,4.08,0.24,0.0
Morrisons Cream of Mushroom Soup 400g,198.0,10.4,1.8,21.0,2.4,1.6,4.0,1.98
Morrisons Cream of Tomato Soup 400g,212.0,10.2,0.8,24.8,20.0,3.4,3.2,1.68
Morrisons Creamy Garlic Mushrooms 300g,238.0,14.4,6.8,18.4,4.2,3.0,7.0,1.58
Morrisons Croissants  6 per pack,1014.0,54.6,30.0,112.8,19.2,4.8,15.6,2.04
Morrisons Crushed Garlic  75g,59.25,0.08,0.0,10.12,0.98,2.85,3.0,0.0
Morrisons Crushed Ginger  75g,23.25,0.08,0.0,4.2,0.6,1.5,0.75,0.22
Morrisons Dessert Apples  1.8kg,954.0,1.8,0.0,212.4,212.4,32.4,7.2,0.0
Morrisons Diced Chicken Breast 600g,0.0,0.0,0.0,0.0,0.0,0.0,0.0,0.0
Morrisons Diced Swede & Carrot  450g,148.0,1.6,0.4,23.6,22.8,12.8,3.2,0.0
Morrisons Double Gloucester 400g,1564.0,124.4,75.6,16.8,0.8,0.0,94.4,7.12
Morrisons Dwarf Beans  220g,63.8,1.1,0.22,7.04,5.06,4.84,4.18,0.0
Morrisons Easy Cook Long Grain Rice 1kg,3029.0,7.8,2.6,655.2,2.6,35.1,66.3,0.0
Morrisons Eat Smart Apple Crisps  20g,67.6,0.14,0.02,15.06,14.02,2.28,0.38,0.0
Morrisons Eat Smart Beetroot Crisps  20g,62.6,0.08,0.02,10.4,10.14,4.1,3.02,0.14
Morrisons Eat Smart Oven Cooked Ham  150g,145.5,2.25,0.75,1.65,0.3,0.9,29.4,3.33
Morrisons Egg Custard Tarts  2 per pack,484.0,22.4,9.0,59.8,28.8,1.0,10.2,0.16
Morrisons Extra Large Whole Chicken Typically 2.15kg,6637.5,281.25,78.75,0.0,0.0,0.0,1023.75,7.5
Morrisons Extra Mature Cheddar 400g,1604.0,130.4,77.2,15.6,0.4,0.0,92.4,7.56
Morrisons Farfalle Pasta 500g,1860.93,9.34,2.67,374.85,14.67,21.34,58.7,0.33
Morrisons Fine Egg Noodles  250g,928.0,3.6,0.8,182.4,3.6,14.0,34.0,1.2
Morrisons Free From Spaghetti 500g,1720.86,5.34,2.0,385.53,1.33,9.34,28.01,0.93
Morrisons Free Range Egg Noodles  410g,698.0,13.4,3.8,119.0,1.4,8.6,21.0,0.52
Morrisons Frozen  Cooked & Peeled Large Prawns 250g,182.5,2.0,0.25,0.0,0.0,0.0,41.25,3.12
Morrisons Frozen Cooked Half Shell Mussels  400g,420.0,8.8,1.2,14.0,0.0,0.0,70.8,4.0
Morrisons Frozen Cooked Jumbo King Prawns 225g,153.0,0.9,0.22,0.0,0.0,0.0,36.45,3.6
Morrisons Frozen Cooked Mussel Meat 500g,525.0,11.0,1.5,17.5,0.0,0.0,88.5,5.0
Morrisons Frozen Cooked Shell On Cold Prawns 450g,315.0,4.05,0.9,0.0,0.0,0.0,69.3,6.62
Morrisons Frozen Raw Razor Clams 500g,365.0,5.0,0.0,15.0,0.0,0.0,65.0,7.0
Morrisons Fruit & Fibre 750g,2902.5,48.75,32.25,517.5,157.5,66.0,66.0,2.1
Morrisons Fruit Finger Platter 400g,192.0,0.8,0.0,41.2,40.8,6.8,2.0,0.0
Morrisons Fusilli 500g,1867.6,10.01,2.67,374.85,14.67,21.34,58.7,0.0
Morrisons Garlic & Herb Flatbread 245g,808.0,23.6,10.4,120.8,8.0,6.8,24.0,2.12
Morrisons Golden Delicious Apples  6 per pack,258.0,0.0,0.0,56.4,56.4,8.4,1.8,0.0
Morrisons Grated Mozzarella 500g,5015.0,357.0,221.0,42.5,5.1,0.0,408.0,14.11
Morrisons Hake Fillets Typically: 325g,367.25,8.78,1.3,0.0,0.0,0.0,72.15,1.07
Morrisons Ham & Cheese Tortelloni 300g,778.0,19.0,5.6,117.2,7.6,6.8,31.6,2.02
Morrisons Herb Dressed New Potatoes  300g,228.0,3.2,0.2,41.6,6.2,5.6,5.0,0.16
Morrisons Herby Baby Potatoes 360g,298.0,3.2,1.0,59.0,9.0,4.8,5.8,0.32
Morrisons Hoi Sin Stirfry Sauce 180ml,206.0,0.2,0.2,49.6,36.2,0.2,1.0,1.98
Morrisons Honey Loops 375g,1436.25,13.5,2.25,288.75,82.5,22.88,28.88,1.05
Morrisons Indian Chicken Korma & Pilau Rice 450g,666.0,26.55,12.15,71.1,9.9,8.1,31.95,1.66
Morrisons Indian Chicken Tikka Masala & Pilau Rice 450g,675.0,27.9,9.45,73.35,11.7,5.85,29.7,2.66
Morrisons Italian Cheese Sauce 350g,426.0,28.8,19.2,19.0,3.2,1.2,22.2,2.42
Morrisons Italian Chicken & Bacon Pasta Bake 400g,636.0,21.2,11.2,68.8,8.0,4.0,40.4,1.76
Morrisons Italian Fusilli 500g,1468.0,16.0,4.4,266.0,6.4,22.8,54.0,0.4
Morrisons Italian Lasagne 400g,500.0,19.6,8.0,47.6,9.2,4.4,30.8,1.76
Morrisons Italian Macaroni Cheese   400g,652.0,24.8,14.4,76.0,7.6,5.2,28.8,2.4
Morrisons Italian Mascarpone 250g,982.5,100.25,70.75,10.5,8.0,0.0,9.25,0.2
Morrisons Italian Mozzarella 125g,266.25,20.0,13.75,1.62,1.0,0.0,20.0,0.88
Morrisons Italian Ricotta  250g,372.0,29.6,21.2,9.2,8.0,0.0,17.6,0.68
Morrisons Italian Spaghetti Bolognese  400g,404.0,9.6,3.6,50.0,5.6,5.6,27.2,1.68
Morrisons Italian Tagliatelle 500g,1244.0,16.0,4.8,223.6,4.0,14.4,43.2,0.4
Morrisons Italian Tomato & Basil Pasta Sauce 350g,222.0,10.2,1.0,22.4,20.6,7.2,6.4,1.36
Morrisons Italian Tomato & Mascarpone Pasta Sauce 350g,210.0,9.6,6.6,24.6,9.6,2.4,5.0,2.28
Morrisons Italian Vegetable Lasagne  400g,412.0,17.2,7.2,44.0,12.4,4.8,18.0,2.2
Morrisons Jaffa Cakes 24 Pack 300g,1137.0,30.3,17.7,203.7,161.1,6.3,10.5,0.45
Morrisons Kiwi 6 per pack,132.0,1.2,0.0,25.5,24.6,4.5,2.7,0.0
"Morrisons Kiwi, Melon & Strawberry 210g",79.8,0.63,0.0,14.91,14.7,2.94,1.68,0.0
Morrisons Large Chocolate Ã‰clairs  2 per pack,432.0,29.6,14.0,33.4,24.2,1.2,7.4,0.2
Morrisons Large Flat Mushrooms  250g,40.0,1.25,0.25,1.0,0.5,2.75,4.5,0.0
Morrisons Leek & Potato Soup 400g,156.0,4.0,2.4,26.2,4.0,2.4,2.8,2.16
Morrisons Linguine 500g,1867.6,10.01,2.67,374.85,14.67,21.34,58.7,0.0
Morrisons Long Grain Micro Rice  250g,370.0,2.6,1.6,76.8,0.2,4.2,7.8,0.12
Morrisons Macaroni 500g,1867.6,10.01,2.67,374.85,14.67,21.34,58.7,0.0
Morrisons Mackerel Fillet  Typically: 139g,305.8,22.38,4.59,0.0,0.0,0.0,25.99,2.2
Morrisons Mango  240g,158.4,0.48,0.24,32.64,31.92,8.4,1.68,0.0
Morrisons Mango 150g,99.0,0.3,0.15,20.4,19.95,5.25,1.05,0.0
Morrisons Mango Fingers 410g,330.0,9.5,6.5,57.0,44.0,5.5,2.5,0.0
Morrisons Maris Piper Potatoes 2.5kg,2050.0,5.0,0.0,430.0,15.0,32.5,52.5,0.0
Morrisons Market St 2 Cod Fillets  230g,227.7,0.23,0.0,1.15,0.0,0.69,54.97,0.74
Morrisons Market St 2 Haddock Fillets 230g,227.7,0.46,0.23,1.15,0.0,0.69,54.28,0.69
Morrisons Market St 2 Smoked Haddock Portions  220g,215.6,0.66,0.22,1.1,0.0,0.66,50.82,3.01
Morrisons Market St Argentinian Red Shrimp 200g,220.0,4.8,0.8,2.0,0.2,1.2,41.6,1.9
Morrisons Market St Beef Denver Steak 300g,408.0,15.3,6.6,0.0,0.0,0.0,67.5,0.48
Morrisons Market St British Bavette Steak  350g,612.5,32.55,13.3,0.0,0.0,0.0,79.45,0.56
Morrisons Market St British Lean Diced Beef 750g,915.0,26.25,10.5,0.0,0.0,0.0,169.5,1.27
Morrisons Market St British Sirloin Steak 200g,402.0,25.4,11.2,0.0,0.0,0.0,43.2,0.32
Morrisons Market St Cooked Cockles 200G 200g,106.0,1.2,0.4,0.0,0.0,0.0,24.0,2.46
Morrisons Market St Crunchy Slaw Kit 300g,192.0,14.2,1.2,10.6,6.4,6.2,2.8,0.8
Morrisons Market St Protein Noodles 300g,588.0,9.4,2.6,91.6,1.4,6.2,31.2,0.66
Morrisons Market St Raw Hand Peeled King Prawns 225g,173.25,1.58,0.45,0.0,0.0,0.0,39.6,1.24
Morrisons Market St Raw Hand Prepared Whole Squid 350g,171.5,0.7,0.35,3.5,0.35,2.1,37.1,3.26
Morrisons Market St Raw Peeled Argentinian Red Shrimp 150g,165.0,3.6,0.6,1.5,0.15,0.9,31.2,1.42
Morrisons Market St Raw Squid Rings 300g,147.0,0.6,0.3,3.0,0.3,1.8,31.8,2.79
Morrisons Market St Salmon Fillets 220g,521.4,35.64,5.06,1.1,0.22,0.66,48.84,0.42
Morrisons Market St Seabass Fillets 180g,334.8,20.7,3.78,0.0,0.0,0.0,36.9,0.45
Morrisons Market St Seafood Sticks 250g,302.5,5.0,1.0,48.0,14.75,1.5,16.0,1.92
Morrisons Market St White Shell Clams 500g,390.0,2.4,1.0,26.6,0.0,0.0,65.6,1.9
Morrisons Marshmallows 200g,652.0,0.8,0.4,152.8,128.4,1.0,7.8,0.0
Morrisons Mashed Potato  450g,446.0,14.4,9.2,67.6,2.8,9.0,7.2,1.6
Morrisons Mature Cheddar 400g,1580.0,130.8,77.6,9.2,0.4,0.0,90.8,5.96
Morrisons Mature Grated Cheddar 500g,2110.0,178.0,103.5,10.5,0.5,0.0,116.0,5.5
Morrisons Mediterranean Couscous 110G 110g,408.0,3.0,0.8,77.4,3.2,4.0,15.8,0.82
Morrisons Medium Cauliflower  ,198.45,5.14,1.47,17.64,14.7,10.29,21.32,0.0
Morrisons Medium Cheddar 400g,1584.0,129.2,77.6,14.0,0.4,0.0,91.6,6.88
Morrisons Medium Egg Noodles  250g,872.0,3.2,0.8,171.6,3.2,15.2,31.2,1.2
Morrisons Medium Pork Pie ,1112.0,77.6,31.2,66.4,4.0,9.6,32.0,3.2
Morrisons Melon & Grape 320g,108.8,0.32,0.0,23.04,23.04,3.84,1.92,0.0
Morrisons Melon 320g,80.0,0.32,0.0,15.68,15.68,3.2,1.92,0.19
Morrisons Melon Slices  450g,112.5,0.45,0.0,21.6,21.6,5.4,2.7,0.0
Morrisons Microwave Long Grain & Wild Rice 220g,364.0,2.8,1.8,75.6,0.4,2.0,8.2,0.12
Morrisons Microwave Pearl Wheat Quinoa & Wholegrain Rice  220g,388.0,4.8,0.8,73.2,0.8,6.2,10.0,0.26
Morrisons Microwave Whole Grain Rice & Quinoa 220g,330.0,5.6,1.8,56.2,1.2,10.6,8.6,0.56
Morrisons Microwave Wholegrain Rice Quinoa Tom/Basil  220g,352.0,5.6,1.4,64.6,2.6,4.0,8.8,0.6
Morrisons Mild Cheddar 400g,1620.0,130.8,80.8,13.6,0.4,0.0,96.8,7.16
Morrisons Milk Chocolate Digestives 300g,1482.0,66.0,33.6,196.2,75.6,7.8,21.6,2.16
Morrisons Minestrone Soup 400g,134.0,1.2,0.4,22.8,7.6,5.6,5.2,1.92
Morrisons Mini Chicken Skewers 10 x 10g,460.0,28.0,6.0,14.0,6.0,2.0,34.0,2.4
Morrisons Mini Chicken Tikka Skewers 10 Pack 100g,255.0,16.5,4.5,7.0,2.5,1.0,18.5,1.3
Morrisons Mini Scotch Eggs 216g,786.24,49.68,11.23,60.26,3.46,4.97,22.25,1.68
Morrisons Mixed Chillies  50g,12.5,0.1,0.0,2.0,2.0,0.75,0.9,0.0
Morrisons Mixed Pepper Stir Fry 320g,112.0,1.6,0.4,15.4,12.4,7.0,5.4,0.0
Morrisons Monkfish Tail  Typically: 269g,177.54,1.08,0.27,0.0,0.0,0.0,42.23,0.13
Morrisons Mushroom Stir Fry  320g,100.0,1.6,0.4,11.2,9.6,6.8,6.8,0.0
Morrisons Mushroom Tortelloni 300g,830.0,24.8,7.6,119.2,9.8,7.0,28.8,2.36
"Morrisons Orange, Apple & Grape  132g",68.64,0.4,0.13,14.52,14.52,1.58,0.92,0.0
Morrisons Organic Broccoli  350g,115.5,3.15,0.7,6.3,5.25,9.1,15.4,0.7
Morrisons Organic Carrots 600g,252.0,1.8,0.6,47.4,44.4,14.4,3.6,0.6
Morrisons Organic Potatoes  1.5kg,1230.0,3.0,0.0,258.0,9.0,19.5,31.5,0.0
Morrisons Organic Salad Potatoes  750g,570.0,2.25,0.75,120.75,9.75,7.5,12.75,0.0
Morrisons Organic Spinach 160g,30.0,1.0,0.2,0.4,0.0,1.6,4.2,0.12
Morrisons Organic Spring Onions  120g,30.0,0.6,0.12,3.6,3.36,1.8,2.4,0.0
Morrisons Original Porridge Pot 55g,205.0,2.7,0.5,36.0,13.5,2.5,7.9,0.1
Morrisons Orzo 500g,1867.6,10.01,2.67,374.85,14.67,21.34,58.7,0.0
Morrisons Parsnips  500g,380.0,5.5,1.0,62.5,28.5,23.0,9.0,0.0
Morrisons Pea & Ham Soup 400g,162.0,2.8,0.8,20.4,8.0,8.4,9.6,1.7
Morrisons Pea Shoots  70g,24.0,0.8,0.4,0.8,0.0,1.0,3.0,0.0
Morrisons Peanuts Raisins & Chocolate Raisins 200g,872.0,45.2,9.6,83.0,78.8,13.4,26.8,0.1
Morrisons Pecans  200g,1400.0,140.2,11.4,11.6,8.6,9.4,18.4,0.0
Morrisons Peeled Maris Piper Potatoes 600g,428.0,0.4,0.4,92.4,4.4,8.4,9.6,0.0
Morrisons Penne 500g,1867.6,10.01,2.67,374.85,14.67,21.34,58.7,0.0
Morrisons Pilau Micro Rice  250g,394.0,3.8,1.6,79.8,0.8,3.2,8.6,0.98
Morrisons Pine Nuts  100g,693.0,68.6,4.6,4.0,3.9,1.9,14.0,0.0
Morrisons Pineapple ,148.0,0.8,0.0,32.4,32.4,4.0,1.2,0.0
Morrisons Pineapple  130g,58.5,0.26,0.0,12.61,12.61,2.08,0.52,0.0
Morrisons Pineapple & Melon Fingers  240g,76.8,0.24,0.0,15.36,15.36,3.12,1.2,0.0
Morrisons Pineapple Fingers 500g,225.0,1.0,0.0,48.5,48.5,8.0,2.0,0.0
Morrisons Plaice Fillet  Typically: 177g,139.83,2.48,0.35,0.0,0.0,0.0,29.56,0.53
Morrisons Pomegranate  100g,63.0,0.2,0.0,11.8,11.8,4.5,1.3,0.0
Morrisons Pomegranate 250g,157.5,0.5,0.0,29.5,29.5,11.25,3.25,0.0
Morrisons Pork Cocktail Sausages 30 Pack 246g,630.0,41.0,14.0,34.0,3.0,3.5,28.5,3.85
"Morrisons Prepared Melon, Pineapple & Mango  240g",108.0,0.48,0.0,21.84,21.84,5.52,1.44,0.0
Morrisons Prepared Sprouts  250g,126.0,3.6,0.8,9.8,7.2,10.2,8.8,0.0
Morrisons Prunes 250g,637.5,1.0,0.25,142.5,95.0,17.75,5.5,0.0
Morrisons Purple Sprouting Broccoli    200g,76.0,1.8,0.4,3.6,3.0,5.2,8.8,0.0
"Morrisons Raw Tiger Prawns With Coriander, Garlic & Jalapeno Dressing 165g",5.4,0.27,0.03,0.05,0.02,0.04,0.67,0.03
Morrisons Ready To Eat Corn on the Cob  2 per pack,128.0,3.0,0.4,15.2,4.0,8.2,5.8,0.06
Morrisons Red Cabbage 450-1350g ,432.0,5.4,1.35,55.35,54.0,32.4,22.95,0.0
Morrisons Red Chillies  50g,12.5,0.1,0.0,2.0,2.0,0.75,0.9,0.0
Morrisons Red Fruit Special Flakes 375g,1395.0,4.12,1.5,306.38,51.75,12.38,27.0,1.95
Morrisons Red Leicester 400g,1620.0,132.0,75.6,13.2,0.4,0.0,94.8,6.72
Morrisons Red Onions  1kg,410.0,2.0,0.0,79.0,56.0,14.0,12.0,0.0
Morrisons Red Potatoes  2.5kg,2050.0,5.0,0.0,430.0,15.0,32.5,52.5,0.0
Morrisons Rib Eye Steak 200g,506.0,39.6,15.0,0.0,0.0,0.0,37.6,0.26
Morrisons Rice Crackles 375G 375g,1443.75,4.5,1.5,319.12,33.0,6.0,28.12,2.74
Morrisons Rice Noodles                360g,690.0,8.8,2.8,129.6,0.2,19.8,13.0,0.1
Morrisons Roasted Monkey Nuts  200g,1170.0,87.0,18.0,38.5,13.5,10.0,53.5,0.0
Morrisons Salmon Skewers With Chilli Lime & Soy  200g,0.0,0.0,0.0,0.0,0.0,0.0,0.0,0.0
Morrisons Salt And Pepper Breaded Chicken Goujons          270g,714.0,36.6,5.7,57.3,3.0,3.9,36.6,2.28
Morrisons Salted Pistachios 260g,1599.0,144.04,19.24,21.32,14.82,15.86,46.54,3.46
Morrisons Savers Curry Noodle Snack Pot 70g,312.0,9.1,4.1,47.6,2.6,4.8,7.4,1.39
Morrisons Savers Mixed Nuts        200g,1818.0,154.8,20.4,30.0,16.2,19.8,67.8,0.0
Morrisons Savoy Cabbage ,238.35,3.4,0.0,37.46,36.32,21.56,15.89,0.0
"Morrisons Scotch Broth with Mutton, Onion, Carrot & Peas 400g",186.0,8.0,3.2,18.8,7.6,6.8,6.4,1.6
Morrisons Seabass Fillets With Lemon & Parsley  195g,394.0,24.4,4.2,1.0,0.2,1.0,42.0,0.28
Morrisons Shallots  300g,72.0,0.6,0.0,9.9,9.9,4.2,4.5,0.0
Morrisons Sharing Pineapple  300g,135.0,0.6,0.0,29.1,29.1,4.8,1.2,0.0
Morrisons Shepherd's Pie 450g,450.0,16.65,9.45,48.15,4.95,6.3,24.3,2.38
Morrisons Singapore Rice Noodles  360g,532.0,6.6,0.6,106.6,10.0,4.6,9.2,0.84
Morrisons Sliced Carrot and Broccoli Florets  500g,192.0,3.6,0.4,22.0,20.0,16.4,10.0,0.16
Morrisons Sliced Greens  300g,120.0,3.0,0.3,9.3,8.1,10.2,9.0,0.3
Morrisons Slow Cooked Bbq Beef Burnt Ends 380g,544.0,14.4,6.0,34.8,31.6,1.8,68.2,2.22
Morrisons Slow Cooked Cherrywood Smoked Pulled Pork With Memphis Bbq Sauce  380g,710.0,41.6,15.4,32.4,31.8,1.8,50.6,1.48
Morrisons Slow Cooked Lamb Shoulder With Mint & Balsamic Glaze  360g,524.0,29.0,12.4,16.6,14.6,1.4,48.4,2.04
Morrisons Slow Cooked Sweet Bbq Rack Of Ribs 510g,886.0,52.8,20.2,35.0,30.4,2.2,66.4,1.62
Morrisons Smoked Salmon 60g,115.2,6.78,1.14,0.3,0.06,0.18,13.08,1.7
Morrisons Snack Apple & Grape Bag 80g,48.8,0.08,0.0,10.64,10.64,1.92,0.32,0.0
Morrisons Snack Apple Bag  80g,45.6,0.08,0.0,9.92,9.92,2.16,0.24,0.0
Morrisons Snack Pork Pies 150g,555.0,35.7,15.15,41.85,1.05,3.15,15.15,1.4
Morrisons Snack Pork Pies 300g,1110.0,71.4,30.3,83.7,2.1,6.3,30.3,2.79
Morrisons Soft Apricots  250g,632.5,1.25,0.0,137.5,132.5,18.25,8.5,0.08
Morrisons Southern Fried Breaded Chicken Breast Fillets 340g,614.0,23.2,2.6,40.4,2.2,1.8,60.2,1.36
Morrisons Southern Fried Chicken Goujons 270g,745.2,41.31,6.75,48.06,1.62,4.05,42.93,1.4
Morrisons Southern Fried Chicken Portions 800g,1824.0,100.0,18.8,98.4,4.0,0.0,133.2,4.36
Morrisons Spaghetti 500g,1867.6,10.01,2.67,374.85,14.67,21.34,58.7,0.0
Morrisons Spaghetti Loops in Tomato Sauce 210g,123.9,0.84,0.21,24.99,9.66,1.68,3.15,0.9
Morrisons Spinach & Pine Nut Pasta 230g,579.6,29.44,3.68,62.79,6.44,3.45,14.49,1.84
Morrisons Spinach & Ricotta Tortelloni 300g,572.0,11.8,3.6,92.6,5.4,6.4,20.6,1.18
Morrisons Spirali 500g,1860.93,9.34,2.67,374.85,14.67,21.34,58.7,0.33
Morrisons Spring Greens  500g,200.0,5.0,0.5,15.5,13.5,17.0,15.0,0.5
Morrisons Steak & Ale with Cheesy Mash 400g,408.0,13.6,8.0,40.0,2.8,3.2,29.6,2.0
"Morrisons Strawberry Mango, Raspberry & Apple  210g",107.1,0.84,0.21,21.63,21.42,3.36,1.47,0.0
Morrisons Stringless Beans  180g,39.6,0.72,0.18,5.76,5.04,3.6,2.88,0.0
Morrisons Sugar Snap Peas  150g,73.5,0.3,0.0,11.4,6.0,3.9,4.2,0.0
Morrisons Sunblush Tomato & Mozzarella Flatbread  275g,892.0,29.6,12.0,127.6,9.2,8.0,25.2,2.0
Morrisons Swede  ,166.75,1.45,0.0,29.0,28.28,10.88,4.35,0.0
Morrisons Sweet & Sour Chicken with Egg Fried Rice 450g,612.0,16.65,2.25,87.3,29.7,6.75,24.75,2.07
Morrisons Sweet & Sour Stir Fry Sauce  180ml,170.0,2.8,0.4,36.0,32.6,0.2,0.4,1.26
Morrisons Sweet Chilli Stir Fry Sauce  180ml,172.0,2.0,0.2,37.0,31.8,1.0,1.0,1.8
Morrisons Sweet Pears Min 5 Per Pack ,185.0,0.0,0.0,40.0,40.0,9.0,1.0,0.0
Morrisons Sweet Potato Mash 300g,238.0,5.8,3.6,40.8,19.8,8.4,1.8,1.12
Morrisons Teriyaki Stir Fry Sauce 180g,190.0,1.8,0.4,41.2,39.0,1.0,1.8,2.22
Morrisons Thai Sweet Chilli Peanuts 200g,1236.0,99.2,18.2,27.6,12.2,11.6,52.4,2.2
Morrisons The Best 6 Gluten Free Hot And Spicy Sausages  400g,870.0,66.6,22.8,11.4,4.8,3.6,54.0,3.84
Morrisons The Best 6 Hampshire Unsmoked Cured Back Bacon Rashers 200g,420.0,25.8,9.6,0.6,0.6,0.6,46.2,4.92
Morrisons The Best Bread Sauce 300g,416.0,29.6,20.4,27.2,8.0,1.6,9.6,1.92
Morrisons The Best Breaded Wiltshire Ham  120g,157.2,2.52,0.84,2.88,0.48,0.0,30.6,2.39
Morrisons The Best British Farmhouse Trio Cheese Selection 155g,626.2,53.4,33.95,0.47,0.47,0.0,36.37,2.84
Morrisons The Best Butter Roast Turkey 120g,141.6,0.96,0.36,0.48,0.48,0.0,32.88,0.67
Morrisons The Best Cheese & Black Pepper Sausages 400g,822.0,61.2,22.8,6.0,0.6,2.4,60.6,3.96
Morrisons The Best Chicken And Pesto Pizza 470g,980.0,27.2,7.2,134.0,19.6,11.8,44.0,2.92
Morrisons The Best Chorizo & Cheddar Stuffed Mushrooms 200g,180.0,9.0,4.4,9.8,1.4,3.0,13.4,1.04
Morrisons The Best Chunky Thai Salmon & Prawn Fishcakes 290g,570.0,25.0,2.8,58.2,4.6,4.6,26.0,1.62
Morrisons The Best Cranberry & Port Sauce 300g,380.0,2.0,2.0,86.0,77.0,2.0,3.0,1.2
Morrisons The Best Cumberland Chipolata Sausages 12 Pack 375g,804.0,55.2,20.4,12.0,4.8,3.6,64.8,4.08
Morrisons The Best Finely Sliced Applewood Smoked Ham 100g,123.0,2.1,0.7,1.2,0.9,0.5,24.5,1.82
Morrisons The Best Fruit Nut & Choc Mix 200g,934.0,51.2,11.8,95.4,92.0,15.0,15.4,0.16
Morrisons The Best Goose Fat 200g,1792.0,199.0,65.4,0.0,0.0,0.0,0.0,0.0
"Morrisons The Best Ham, Mushroom & Mascarpone Pizza 515g",1090.0,40.0,17.6,131.4,29.2,13.0,45.0,5.24
Morrisons The Best Hampshire Breed Dry Cured Smoked Back Bacon 200g,366.0,20.4,7.2,1.8,1.8,0.6,43.2,4.08
Morrisons The Best Hampshire Breed Dry Cured Unsmoked Back Bacon 200g,384.0,24.6,9.0,1.8,1.8,0.6,39.6,4.8
Morrisons The Best Hampshire Breed Sliced Whole Ham 120g,177.6,6.24,2.04,1.56,1.56,0.6,28.56,2.23
Morrisons The Best Hampshire Thick Cut Pork Chops Typically: 0.47kg,1269.0,101.99,37.6,0.0,0.0,0.0,87.42,0.61
Morrisons The Best Hoisin Pork Pizza  470g,998.0,31.0,12.8,131.0,20.0,8.0,45.0,3.34
Morrisons The Best Italian Meats Pizza 458g,1082.0,36.2,13.2,138.0,19.8,12.4,44.4,3.7
Morrisons The Best Jumbo King Prawns 150g,112.0,0.4,0.2,1.6,0.4,0.8,25.4,1.84
Morrisons The Best Maple Cured Streak Bacon 210g,790.0,61.0,22.0,5.0,5.0,1.0,56.0,8.0
Morrisons The Best Margherita With Pesto Pizza 470g,1062.0,35.2,11.4,135.6,20.8,14.0,43.6,3.68
Morrisons The Best Meat Feast Pizza 465g,1070.0,37.2,13.4,136.2,26.4,11.2,41.8,5.02
Morrisons The Best Mixed Nuts 200g,1338.0,121.6,14.6,19.0,7.4,9.2,37.2,0.2
Morrisons The Best Oak Smoked Cheddar & Tomato Stuffed Mushrooms 200g,180.0,9.6,3.6,10.8,1.8,3.6,10.2,1.2
Morrisons The Best Old English Cure Bacon 200g,366.0,19.2,6.6,4.2,4.2,0.6,43.2,4.2
Morrisons The Best Pork Chipolatas 12 Pack 375g,792.0,55.2,20.4,8.4,3.6,4.8,62.4,3.84
Morrisons The Best Pork Sausage Meat 400g,868.0,53.2,18.9,21.0,4.2,7.0,71.4,6.02
Morrisons The Best Prawn Cocktail Sauce 180g,1052.0,109.6,9.4,14.2,9.6,0.0,2.4,1.76
Morrisons The Best Prawns In Garlic Butter 200g,252.0,16.6,8.0,1.6,0.4,0.8,23.4,1.74
Morrisons The Best Reduced Fat Sausages 400g,564.0,24.6,9.0,13.8,2.4,3.6,70.8,3.78
Morrisons The Best Scottish Smoked Salmon Slices 120g,244.0,13.6,2.6,0.6,0.6,0.8,29.2,3.54
Morrisons The Best Smoked Hampshire Breed Traditionally Cured Back Bacon 200g,468.0,38.4,15.0,0.6,0.0,0.6,29.4,2.64
Morrisons The Best Tempura King Prawns  200g,670.0,40.0,8.0,53.0,4.0,6.0,23.0,1.0
Morrisons The Best Tenderstem Broccoli 200g,76.0,1.8,0.4,3.6,3.0,5.2,8.8,0.0
Morrisons The Best Thick Cumberland Sausages 400g,762.0,48.6,16.8,10.8,3.6,1.8,69.6,3.6
Morrisons The Best Thick Cut Honey Roast Ham 120g,159.0,2.7,0.9,3.3,3.3,0.6,30.3,2.04
Morrisons The Best Thick Lincolnshire Sausages 400g,834.0,60.6,21.6,7.8,3.0,4.2,62.4,3.48
Morrisons The Best Thick Old English Sausages 400g,882.0,63.0,22.8,11.4,3.6,2.4,66.0,3.72
Morrisons The Best Thick Pork & Caramelised Onion Sausages 400g,864.0,57.6,21.0,28.8,18.0,2.4,55.2,3.66
Morrisons The Best Thick Pork & Leek Sausages 400g,774.0,54.0,19.2,8.4,4.2,2.4,61.2,3.78
Morrisons The Best Thick Pork And Sweet Chilli Sausages 400g,792.0,53.4,18.6,16.8,12.6,1.8,60.0,3.72
Morrisons The Best Thick Pork Sausages 400g,834.0,60.0,22.2,8.4,2.4,3.6,63.0,3.24
Morrisons The Best Topside Beef 80g,109.6,1.36,0.56,0.96,0.24,0.0,23.28,0.37
Morrisons The Best Turkey Gravy 500g,190.0,7.0,2.5,22.5,1.0,2.0,8.0,5.15
Morrisons The Best West Country Corned Beef 130g,300.0,18.8,8.4,0.0,0.0,0.0,32.0,2.4
Morrisons The Best Woodland Mushrooms 150g,205.5,0.45,0.0,4.95,0.9,4.35,4.35,0.01
Morrisons Tilapia Fillet  Typically: 204g,173.4,3.06,0.61,0.0,0.0,0.0,36.31,0.57
Morrisons Tomato & Garlic Couscous 110G 110g,404.0,3.0,0.8,76.2,4.8,5.0,15.8,1.32
Morrisons Trail Mix 200g,780.0,31.2,4.8,92.8,59.2,16.0,24.0,0.0
Morrisons Trimmed Beans  170g,49.3,0.85,0.17,5.44,3.91,3.74,3.23,0.0
Morrisons Trimmed Mangetout  155g,49.6,0.31,0.0,6.51,5.27,3.56,5.58,0.0
Morrisons Tuna Chunks In Spring Water  4 x 145g,220.0,2.0,0.8,0.0,0.0,0.0,50.8,2.04
Morrisons Unsalted Cashews 200g,1150.0,89.4,17.4,37.0,13.8,17.0,40.6,0.0
Morrisons Unsmoked Gammon Joint  2.2kg,2410.0,125.0,51.0,14.0,2.0,0.0,309.0,41.0
Morrisons Unsmoked Gammon Joint 750g,668.0,18.0,8.0,0.8,0.8,0.0,126.0,12.4
Morrisons Unwashed Potatoes  12.5kg,10250.0,25.0,0.0,2150.0,75.0,162.5,262.5,0.0
Morrisons Unwaxed Lemons Bumper Pack 4 per pack,64.0,0.8,0.0,10.4,10.4,0.0,3.2,0.0
Morrisons Vanilla Custard Slices 2 per pack,580.0,24.8,10.4,82.4,49.4,1.8,6.2,0.72
Morrisons Vegetable Pasta Sauce 500g,224.0,4.4,0.8,34.8,34.8,8.0,6.8,2.6
Morrisons Vegetable Soup Kit 500g,218.0,3.6,1.0,33.0,21.0,15.0,6.0,0.16
Morrisons Vegetable Stir Fry  350g,120.0,1.8,0.4,15.4,13.6,8.4,6.4,0.1
Morrisons Walnuts  200g,1392.0,137.0,11.2,6.6,5.2,7.0,29.4,0.0
Morrisons Watermelon  300g,99.0,0.9,0.3,20.7,20.7,1.5,1.2,0.0
Morrisons Watermelon & Mango 230g,112.7,0.69,0.23,23.46,23.23,4.14,1.38,0.0
Morrisons Watermelon Wedges 550g,181.5,1.65,0.55,37.95,37.95,2.75,2.2,0.0
Morrisons Wheat Biscuits 24 per pack,1608.0,9.6,2.4,306.0,20.4,45.6,54.0,1.32
Morrisons Wheat Biscuits 48 per pack,3216.0,19.2,4.8,612.0,40.8,91.2,108.0,2.64
Morrisons White Cabbage  450g-1350g ,281.25,2.25,0.0,45.0,43.88,2.25,12.38,0.0
Morrisons Whole Chicken Large 1.7kg,9292.5,393.75,110.25,0.0,0.0,0.0,1433.25,10.5
Morrisons Whole Seabass  Typically: 318g,305.28,9.22,2.23,0.0,0.0,0.0,55.65,2.38
Morrisons Whole Seabream  Typically: 313g,300.48,9.08,2.19,0.0,0.0,0.0,54.78,2.13
Morrisons Wholefoods Dates 500g,1325.0,0.0,0.0,299.0,287.0,43.5,10.5,0.5
Morrisons Wholefoods Pumpkin Seeds  300g,1737.0,136.8,21.0,45.6,3.3,15.9,73.2,0.15
Morrisons Wholefoods Red Split Lentils  500g,1309.0,10.2,1.7,159.8,1.7,83.3,100.3,0.34
Morrisons Wholewheat Fusiili 500g,1714.19,13.34,4.0,324.83,17.34,44.02,51.36,0.0
Morrisons Wholewheat Spaghetti 500g,1714.19,13.34,4.0,324.83,17.34,44.02,51.36,0.0
Morrisons Yellow Fin Tuna Steaks  225g,240.0,1.4,0.6,0.0,0.0,0.0,56.8,0.26
Morrisons Yorkshire Puddings 180g,480.0,15.6,3.0,63.6,1.2,7.8,16.8,0.72
Morrisons Yorkshire Puddings 4 Pack 168g,452.0,13.6,1.6,62.4,2.4,5.2,17.2,0.84
Mr Kipling Cherry Bakewells 6 per pack,1182.0,48.0,19.8,175.8,105.6,3.0,10.2,1.02
Mr Kipling Deep Filled Bramley Apple Pies 6 per pack,1272.0,47.4,16.2,196.8,83.4,4.8,12.0,1.14
Mug Shot Chicken & Mushroom  68g,272.0,3.0,1.4,52.2,2.4,2.1,8.1,1.75
Mug Shot Limited Edition 60g,245.0,0.5,0.1,51.6,5.3,1.4,7.9,1.77
Mug Shot Noodles Chicken & Sweetcorn 54g,207.0,1.3,0.8,41.6,2.5,2.5,6.0,1.62
Mug Shot Noodles Spicy Sweet & Sour 67g,263.0,0.9,0.5,55.9,12.9,3.2,6.2,0.95
Mug Shot Oh So Yummy Cheese And Broccoli Pasta  68g,250.0,3.6,1.7,46.2,3.3,1.7,7.4,1.74
Mug Shot Pasta Creamy Cheese 68g,279.0,5.1,2.7,49.8,3.5,1.9,7.6,1.79
Mug Shot Pasta Tomato and Basil 64g,234.0,1.1,0.4,46.3,8.3,3.8,7.7,1.48
Muller Corner Banana Chocoflake Yogurt 130g,176.8,6.24,3.9,23.4,19.76,0.0,5.85,0.29
Muller Corner Biscuit Yogurt 6 x 130g,1162.2,44.46,27.69,150.93,122.07,0.0,35.1,1.68
Muller Corner Cherry Yogurt 143g,157.3,5.58,3.58,19.73,18.73,0.0,6.15,0.24
Muller Corner Chocolate Digestive Yogurt 130g,195.0,7.54,5.2,25.22,20.28,0.0,5.85,0.3
Muller Corner Crunch Yogurt 6 x 130g,1068.6,38.22,23.79,140.79,121.68,0.0,34.71,0.66
Muller Corner Fruit Yogurt 6 x 143g,926.64,33.46,21.45,112.82,108.54,0.0,36.89,1.46
Muller Corner Skyr Granola Raspberry 180g,255.6,11.88,5.04,21.96,16.92,0.0,13.32,0.36
Muller Corner Strawberry Shortcake Yogurt 130g,192.4,7.28,4.03,25.09,20.41,0.0,5.85,0.26
Muller Corner Strawberry Yogurt 143g,150.15,5.58,3.58,17.73,17.02,0.0,6.15,0.24
Muller Corner Toffee Chocohoops Yogurt 130g,187.2,6.76,4.29,24.83,21.84,0.0,5.85,0.23
Muller Corner Vanilla Chocoball Yogurt 130g,179.4,6.5,4.03,23.53,20.8,0.0,5.72,0.22
Muller Light Banana & Custard Yogurt 160g,83.2,0.0,0.16,11.68,10.24,0.0,7.84,0.32
Muller Light Cherry Yogurt 160g,84.8,0.0,0.16,11.84,10.56,0.0,7.84,0.42
Muller Light Greek Style Sublime Strawberry Yogurts 4 x 120g,297.6,0.96,0.48,37.44,30.72,0.0,0.0,0.96
Muller Light Red Fruit Yogurts 6 x 160g,499.2,0.0,0.96,68.8,61.44,0.0,47.04,2.31
Muller Light Strawberry Yogurt 160g,83.2,0.0,0.16,11.2,9.92,0.0,7.84,0.37
Muller Light Toffee Yogurt 160g,78.4,0.0,0.16,10.56,9.12,0.0,7.68,0.43
Muller Rice Original Low Fat Dessert    180g,181.8,4.68,2.7,28.98,18.0,0.0,6.12,0.36
Muller Rice Strawberry Low Fat Dessert      180g,190.8,3.96,2.34,33.48,23.04,0.0,5.4,0.36
Muller Rice Vanilla Custard Low Fat Dessert 180g,199.8,4.5,2.52,34.2,24.48,0.0,5.76,0.36
Munch Bunch Double Up Strawberry & Banana Fromage Frais 4 x 85g,336.0,9.2,6.0,42.8,37.6,0.0,20.8,0.0
Munch Bunch Double Up Strawberry & Vanilla Fromage Frais 4 x 85g,340.0,9.2,6.0,42.8,37.6,0.0,20.8,0.0
Naked Noodle Egg Noodles Thai Green Curry  78g,284.0,4.5,2.4,50.1,4.5,1.9,9.8,1.77
Naked Noodle On The Hob Chicken Yakisoba  100g,338.0,1.8,0.4,65.6,8.0,4.6,12.8,2.72
Naked Noodle On The Hob Korean BBQ Beef  100g,342.0,1.8,0.4,65.8,4.0,4.8,13.4,2.68
Naked Noodle On The Hob Singapore Curry  100g,346.0,2.0,0.6,66.4,4.0,4.8,13.0,2.78
Naked Noodle Teriyaki Noodle Pot 78g,278.0,2.5,0.5,53.0,8.7,2.3,9.9,1.77
Naked Noodle Thai Green Curry Noodle  104g,402.0,5.6,3.3,72.0,3.3,6.5,12.4,2.57
Naked Noodle The Big One Thai Fiery Chicken Panang 104g,364.0,3.5,1.3,69.1,5.0,3.0,12.5,2.5
Naked Noodle Vietnamese Beef Pho Noodle Pot  78g,277.0,2.6,0.5,50.5,5.1,2.6,11.6,1.77
Naked Rice Long Grain Rice Szechuan Sweet & Spicy 78g,285.0,4.1,1.8,55.0,7.5,2.2,5.9,1.42
Napolina 50/50 Penne 500g,1715.0,9.0,1.5,335.0,7.5,36.0,56.0,0.35
Napolina Chopped Tomatoes (400g) 280g,94.0,0.8,0.0,14.4,14.4,4.0,5.2,0.4
Napolina Chopped Tomatoes (4x400g) 4 x 280g,188.0,1.6,0.0,28.8,28.8,8.0,10.4,0.8
Napolina Fusilli 500g,1780.0,7.5,1.5,360.0,15.0,15.0,60.0,0.0
Napolina Fusilli Pasta     1kg,3560.0,15.0,3.0,720.0,30.0,30.0,120.0,0.0
Napolina Penne Pasta       1kg,3560.0,15.0,3.0,720.0,30.0,30.0,120.0,0.0
Napolina Potato Gnocchi  500g,895.0,2.5,0.5,191.5,0.0,11.0,21.5,6.5
Napolina Wholewheat Fusilli 500g,1720.0,10.0,2.0,320.0,15.0,45.0,65.0,0.0
Napolina Wholewheat Penne Pasta 500g,1720.0,10.0,2.0,320.0,15.0,45.0,65.0,0.0
Nescafe Azera Americano Instant Coffee 100g,126.0,1.0,0.5,3.0,3.0,34.3,8.1,0.24
New York Bakery Co. Original Bagel Thins 4 per pack,488.0,2.0,0.4,100.0,10.0,6.0,20.4,1.24
Nong Shim Shin Ramyun Noodles 120g,516.0,16.8,8.16,80.4,3.6,0.0,10.68,4.44
Oatly Long Life Original Oat Milk Alternative 1L,460.0,15.0,2.0,67.0,20.5,8.0,10.0,1.0
Old El Paso Original Smoky BBQ Sizzling Fajita Dinner Kit 500g,1130.0,17.5,4.0,206.0,31.0,7.5,33.0,9.95
Onken Biopot Natural Set Yogurt 500g,340.0,18.5,12.0,17.0,17.0,0.0,18.5,0.75
Oxo Beef Stock 12 Cubes 71g,188.15,3.48,1.7,25.35,1.56,2.98,12.35,21.8
PG tips Original Tea Bags 240 pack 696g,960.0,0.0,0.0,0.0,0.0,0.0,0.0,0.0
Patak's Madras Curry Meal Kit  303g,378.75,25.45,1.82,26.66,15.76,0.0,6.06,4.54
Patak's Tikka Masala Curry Meal Kit 313g,441.33,31.3,5.01,24.41,15.34,0.0,7.51,5.01
Petits Filous Big Pots Strawberry & Apricot Fromage Frais  4 x 85g,292.0,8.0,5.2,34.0,32.0,0.0,18.4,0.44
Petits Filous Fromage Frais Strawberry & Apricot  6 x 47g,486.0,13.2,9.0,56.4,52.8,0.0,30.0,0.72
Petits Filous Strawberry Flavour Drinking Yogurt   4 x 100g,252.0,3.2,2.0,39.6,39.6,0.0,12.0,0.48
Philadelphia Light Soft Cheese  340g,503.2,37.4,24.14,17.68,17.68,1.36,25.16,2.38
Philadelphia Original Soft Cheese 340g,765.0,71.4,47.6,14.62,14.62,0.68,18.36,2.55
Pot Noodle BBQ Pulled Pork 90g,427.0,16.0,8.2,61.0,8.5,3.7,8.5,1.8
Pot Noodle Beef & Tomato Standard 90g,436.0,17.0,8.5,58.0,4.3,4.0,11.0,1.7
Pot Noodle Bombay Bad Boy Standard 90g,436.0,17.0,7.9,61.0,2.7,4.0,9.8,1.2
Pot Noodle Chicken & Mushroom King Pot 114g,547.0,21.0,10.0,73.0,4.6,4.6,12.0,2.4
Pot Noodle Chicken & Mushroom Standard 90g,430.0,17.0,8.5,58.0,3.4,3.7,9.8,1.9
Pot Noodle Chicken Korma 90g,435.0,16.0,7.9,58.0,10.0,3.3,12.0,1.8
Pot Noodle Chow Mein Standard 90g,430.0,17.0,8.5,58.0,3.7,4.3,9.8,1.8
Pot Noodle Jerk Chicken  90g,434.0,18.0,8.7,55.0,6.2,3.0,9.8,3.2
Pot Noodle King Pot Bbq Pulled Pork  114g,532.0,21.0,10.0,74.0,11.0,2.8,11.0,2.3
Pot Noodle Original Curry Standard  90g,442.0,16.0,7.9,64.0,6.1,3.7,8.5,1.5
Pot Noodle Sticky Rib King Pot 114g,539.0,20.0,10.0,77.0,9.2,5.0,11.0,1.8
Pot Noodle Sticky Rib Standard 90g,433.0,16.0,7.6,61.0,8.8,3.7,9.1,1.8
Pot Noodle Sweet & Sour Standard 90g,436.0,17.0,8.2,61.0,12.0,3.7,7.9,1.4
Pot Pasta Beefy Bolognese  58g,50.46,0.29,0.0,9.86,1.8,0.64,1.68,0.32
Pot Pasta Creamy Carbonara 62g,58.9,1.8,0.68,8.68,0.62,0.43,1.86,0.38
Pot Pasta Tomato Mozzarella 72g,221.0,1.8,0.6,42.0,7.0,2.2,8.1,1.4
Quaker Oat So Simple Golden Syrup Porridge 360g,1432.8,26.64,3.6,255.6,68.4,21.24,31.32,1.8
Quaker Oat So Simple Original Porridge 12 x 27g,1200.0,25.2,3.6,192.0,3.6,28.8,36.0,0.0
Quinola Mothergrain Express Quinoa Mediterranean Whole Grain  250g,355.0,9.5,1.25,52.25,5.75,6.0,12.25,0.72
Quinola Mothergrain Express Quinoa Whole Grain  250g,412.5,10.0,1.25,62.75,2.25,10.75,13.25,0.5
Quinola Mothergrain Express Quinoa Whole Grain Pilau Style  250g,357.5,10.25,1.25,48.5,3.25,11.5,11.75,0.7
Quorn Classic Chilli 225g,157.5,1.12,0.0,20.48,2.25,10.8,10.8,0.97
Quorn Tasty Tikka 225g,173.25,4.5,2.02,18.9,9.9,5.18,11.7,1.53
Rana Pan-Fried Gnocchi Ori 300g,633.0,2.4,0.9,129.0,0.0,14.7,16.8,5.4
Ready to Eat Red & White Quinoa   250g,462.5,10.5,1.25,72.5,3.75,10.0,15.25,0.45
Richmond 12 Thick Pork Sausages 615g,1332.0,80.4,30.0,76.8,7.2,0.0,67.2,12.0
Richmond 8 Thick Pork Sausages 410g,888.0,53.6,20.0,51.2,4.8,0.0,44.8,8.0
Richmond Skinless Pork Sausages 12 Pack 319g,756.0,54.0,20.4,37.2,1.68,0.0,31.2,5.52
Rowse Pure & Natural Squeezy Honey 340g,1118.6,0.0,0.68,277.1,274.72,0.0,0.0,0.1
Saint Agur Blue Cheese 150g,541.5,49.5,34.5,0.0,0.0,0.0,24.0,3.3
Schwartz Chinese Special Vegetable Fried Rice  20g,77.0,2.84,0.46,9.18,1.42,1.72,2.82,0.96
Shahzada Basmati Rice 10kg,35400.0,50.0,20.0,7900.0,10.0,330.0,850.0,1.0
Sharwood's Fine Egg Noodles 340g,1247.8,7.82,1.7,242.08,10.2,13.94,44.88,2.69
Sharwood's Green Label Mango Chutney 227g,544.8,0.0,0.0,135.06,101.47,0.0,0.0,6.58
Sharwood's Medium Egg Noodles 340g,1247.8,7.82,1.7,242.08,10.2,13.94,44.88,2.69
Sharwood's Plain Poppadoms 8 per pack,296.0,13.6,0.8,28.8,0.0,6.4,12.0,2.48
Sharwood's Prawn Crackers 60g,304.0,15.4,1.2,39.0,4.4,1.0,1.6,1.14
Sharwood's Whole Wheat Noodles 375g,1335.0,8.62,2.25,248.25,12.75,34.5,48.75,2.51
Silver Spoon Granulated Sugar  1kg,4000.0,0.0,0.0,1000.0,1000.0,0.0,0.0,0.0
Snack a Jacks Salt & Vinegar Flavour Rice Cakes 4 x 22g,357.28,6.51,0.7,68.11,1.58,0.7,6.16,2.42
Spam Chopped Pork & Ham 340g,992.8,82.62,32.98,10.88,4.42,0.0,51.0,8.16
Spoilt Pig Dry Cured Smoked Streaky Bacon 184g,667.92,50.23,18.58,0.0,0.37,0.0,32.02,3.86
Spoiltpig Smoked Dry Cured Back Bacon Rashers 184g,498.64,37.9,12.33,0.0,0.18,0.0,39.38,4.08
Spoiltpig Unsmoked Dry Cured Back Bacon Rashers 184g,439.76,31.83,13.43,0.0,0.18,0.0,36.98,4.84
The Black Farmer Premium Pork Sausages 400g,964.0,78.8,34.4,4.0,2.0,0.4,59.2,5.4
The Meatless Farm Co 2 Meat Free Burgers 227g,522.1,33.6,10.67,12.03,0.68,8.4,38.82,3.38
The Meatless Farm Co Meat Free Mince 400g,796.0,40.8,15.6,31.2,0.4,19.6,76.4,2.48
Tilda Kids Cheese and Tomato Rice 125g,163.75,5.12,2.25,23.75,2.12,1.0,5.25,0.36
Tilda Microwave Coconut Basmati Rice 250g,405.0,12.5,9.0,63.0,1.0,3.75,8.5,0.0
Tilda Microwave Pilau Basmati Rice 250g,320.0,4.5,0.75,62.0,0.75,2.25,7.0,1.02
Tilda Microwave Pure Basmati Rice 250g,357.5,4.75,1.25,70.5,0.0,1.75,7.25,0.0
Tropicana Original Orange Juice 950ml,389.5,0.0,0.0,88.35,79.8,7.6,7.6,0.0
Tropicana Original Orange Juice With Bits 1.4L,574.0,0.0,0.0,130.2,117.6,11.2,11.2,0.0
Tropicana Pressed Apple Juice 950ml,427.5,0.0,0.0,104.5,95.0,5.7,1.9,0.0
Tropicana Smooth Orange Juice  1.4L,574.0,0.0,0.0,130.2,117.6,8.4,11.2,0.0
Tropicana Smooth Orange Juice 950ml 950ml,389.5,0.0,0.0,88.35,79.8,5.7,7.6,0.0
Uncle Ben's Basmati Microwave Rice 250g,362.5,4.0,0.5,72.5,0.0,1.25,7.75,0.0
Uncle Ben's Egg Fried Rice Microwave Rice 250g,385.0,7.0,1.0,70.0,1.75,2.25,9.75,1.08
Uncle Ben's Golden Vegetable Microwave Rice 250g,380.0,5.5,0.5,72.5,2.0,3.25,8.25,1.08
Uncle Ben's Long Grain & Wild Rice 250g,375.0,3.25,0.25,77.25,0.75,2.25,8.0,0.0
Uncle Ben's Long Grain Microwave Rice 250g,335.0,2.25,0.25,70.0,0.0,1.75,6.75,0.0
Uncle Ben's Mexican Style Microwave Rice 250g,392.5,5.5,0.5,75.0,2.75,3.0,8.5,1.08
Uncle Ben's Quinoa Tomato Basil Microwave Rice 220g,352.0,5.06,0.88,64.24,1.98,5.5,9.46,0.95
Uncle Ben's Savoury Chicken Microwave Rice 250g,385.0,5.5,0.5,75.0,1.75,2.5,8.5,1.1
Uncle Ben's Spicy Mexican Microwave Rice 250g,397.5,7.5,0.75,70.0,3.0,3.75,9.5,1.27
Uncle Ben's Wholegrain Microwave Rice 250g,410.0,6.25,1.25,77.5,0.0,4.75,9.25,0.0
Uncle Bens 3 Grains Bean & Chilli Microwave Rice 220g,4.8,0.07,0.01,0.87,0.02,0.09,0.14,0.01
Uncle Bens Five Grains 220g,332.2,4.84,0.88,60.28,1.1,6.16,9.02,0.97
VeeTee Pilau Rice 280g,352.8,4.48,0.56,71.4,1.12,0.0,8.12,1.12
Veetee Dine In Thai Jasmine Rice  300g,459.0,6.0,0.9,93.9,1.2,0.0,9.0,0.45
Veetee Long Grain Rice 300g,390.0,6.6,0.9,78.9,1.2,0.0,7.2,0.45
Veetee Mega Extra Long Basmati Rice 2kg,7020.0,10.0,2.0,1674.0,2.0,22.0,162.0,0.0
Walkers Baked Cheese & Onion Snacks 6 x 25g,654.0,20.4,1.95,102.9,11.4,9.3,10.05,1.41
Walkers Baked Sea Salt Snacks 6 x 25g,654.0,20.25,1.8,103.5,8.7,9.6,9.9,1.77
Walkers Baked Variety Snacks 6 x 25g,651.0,20.25,1.88,102.8,9.85,9.35,9.85,1.51
Walkers Cheese & Onion Crisps 6 x 25g,742.5,40.05,3.15,83.85,4.05,6.6,8.4,1.8
Walkers French Fries Variety Snacks 6 x 18g,470.88,17.28,1.51,70.74,2.09,5.4,5.4,2.51
Walkers Meaty 24 x 25g,3049.5,171.9,13.8,327.45,15.9,25.4,34.95,7.52
Walkers Prawn Cocktail Crisps 6 x 25g,778.5,45.75,3.75,79.5,2.7,6.3,9.15,1.89
Walkers Quavers Cheese Snacks 6 x 16g,514.56,29.57,2.59,59.62,2.59,1.15,2.4,2.05
Walkers Ready Salted Crisps 6 x 25g,789.0,47.85,3.9,77.25,0.6,6.45,9.15,2.1
Walkers Roast Chicken Crisps 6 x 25g,748.5,40.5,3.15,84.0,2.4,6.6,8.55,1.95
Walkers Salt & Shake Crisps 6 x 24g,767.52,46.51,15.5,75.17,0.58,6.34,8.93,0.0
Walkers Salt & Vinegar Crisps 6 x 25g,778.5,46.2,3.75,78.9,1.5,6.3,8.85,2.43
Walkers Sensations Mango & Red Chilli Chutney Poppadoms 82.5g,400.16,20.17,2.05,48.71,4.26,1.72,5.17,2.3
Walkers Sensations Thai Sweet Chilli Crisps 150g,741.0,37.05,3.45,88.5,6.0,5.55,10.35,2.14
Walkers Squares Salt & Vinegar Snacks 6x22g 6 x 22g,584.76,23.76,1.98,80.52,4.62,7.26,8.58,2.9
Walkers Variety  24 x 25g,3080.0,179.85,14.4,319.5,8.85,25.8,35.2,6.33
Walkers Wotsits Really Cheesy Snacks 6 x 16.5g,540.54,32.67,3.96,55.54,6.53,1.09,5.44,1.94
Warburtons Sliced White Rolls 8 per pack,1168.0,16.8,3.2,204.8,13.6,10.4,42.4,4.32
Weight Watchers Malted Danish 400g,996.0,8.8,2.8,176.0,10.8,17.6,44.4,4.0
Weight Watchers Thick Wholemeal Loaf 400g,900.0,8.8,2.8,153.6,10.4,24.0,40.0,4.0
Weight Watchers Wraps 6 per pack,708.0,4.8,1.8,133.2,7.2,27.6,19.8,1.5
Whaoo Chocolate Filled Crepes 8 per pack,1184.0,59.2,16.8,144.0,96.0,0.0,16.8,2.0
Whitworths Ground Almonds 150g,969.0,83.7,6.6,10.05,6.0,11.1,38.25,0.0
Yeo Valley Kids Organic Little Yeos Yogurt 4 x 90g,364.0,16.0,10.4,38.0,34.8,0.0,16.8,0.2
